{
  "N": 1000,
  "d": 2,
  "d_s": 2,
  "L": 5.0,
  "T_end": 100.0,
  "dt_fixed": 0.1,
  "params": [
    1.0,
    1.0,
    1.0,
    -0.1
  ],
  "integrator": "rk2_fixed",
  "total_time_s": 89.3895206451416,
  "compile_time_s": 16.19253158569336,
  "simulation_time_s": 71.57543897628784,
  "init_time_s": 1.6208970546722412,
  "simulation_steps": 1001,
  "seed": 42,
  "timestamp": "2025-11-20T16:06:38.040025",
  "status": "completed"
}